,,,,time_avg,time_avg
,,,,mean,std
conv_value,optimizer,model,version,,
2,darts,resnet18,v3,134.9878193415006,36.96970022308428
2,darts,resnet18,v4,112.9861328678131,9.281163117347438
2,drnas,resnet18,v3,148.2552847166591,33.99441457772713
2,drnas,resnet18,v4,119.98757451081276,5.478893179209845
