,,,,time_avg,time_avg
,,,,mean,std
conv_value,optimizer,model,version,,
2,darts,ViTtiny,v3,115.08138549256326,6.8506779430856595
2,darts,ViTtiny,v4,101.43483476638794,8.008566435156794
2,drnas,ViTtiny,v3,124.60369697666167,13.188621584257712
2,drnas,ViTtiny,v4,115.70133507418632,6.849164026627867
