,,,,time_avg,time_avg
,,,,mean,std
conv_value,optimizer,model,version,,
2,darts,ViTtiny,v3,121.02392753529548,26.761317485009876
2,darts,ViTtiny,v4,109.39630663156508,16.818158943582997
2,drnas,ViTtiny,v3,122.47037753653527,8.323897183460657
2,drnas,ViTtiny,v4,116.2818711719513,13.621363986274403
