,,,,time_avg,time_avg
,,,,mean,std
conv_value,optimizer,model,version,,
2,darts,resnet18,v3,120.6116880118847,9.560752998280611
2,darts,resnet18,v4,99.77612854599953,4.750711916321903
2,drnas,resnet18,v3,148.4594146542549,46.886729936327974
2,drnas,resnet18,v4,118.55089416503907,7.623858000787996
